{"cameraMode":{"drawMode":0,"name":"Shaded","section":"Shading Mode"},"sceneLighting":true,"audioPlay":false,"sceneViewState":{"m_AlwaysRefresh":false,"showFog":true,"showSkybox":true,"showFlares":true,"showImageEffects":true,"showParticleSystems":true,"showVisualEffectGraphs":true,"m_FxEnabled":true},"in2DMode":false,"pivot":{"x":-56.42702865600586,"y":2.8356006145477297,"z":0.9405713081359863},"rotation":{"x":-0.17259104549884797,"y":0.31162676215171816,"z":-0.057685136795043948,"w":-0.9325878620147705},"size":0.470742404460907,"orthographic":false}