{"cameraMode":{"drawMode":0,"name":"Shaded","section":"Shading Mode"},"sceneLighting":false,"audioPlay":false,"sceneViewState":{"m_AlwaysRefresh":false,"showFog":true,"showSkybox":false,"showFlares":true,"showImageEffects":true,"showParticleSystems":true,"showVisualEffectGraphs":true,"m_FxEnabled":true},"in2DMode":false,"pivot":{"x":3.9022321701049806,"y":2.288525342941284,"z":3.870429515838623},"rotation":{"x":-0.08566326647996903,"y":0.8972015976905823,"z":-0.19998125731945039,"w":-0.38431063294410708},"size":0.8660253882408142,"orthographic":false}